demande_id,demande_nom,demande_date_debut,demande_date_fin,instrument_id,style_musique_id
1,sodales sed,5/31/2021,9/20/2023,4,6
2,aliquam,8/30/2021,3/9/2024,5,2
3,aliquet,8/1/2021,5/11/2023,2,4
4,amet justo,5/24/2021,7/17/2023,5,5
5,bibendum felis,12/27/2021,9/21/2023,5,1
6,orci,9/28/2021,12/21/2023,1,5
7,faucibus orci,10/22/2021,10/3/2023,3,5
8,quam,7/24/2021,10/27/2023,6,5
9,cubilia,6/30/2021,11/8/2023,1,6
10,nunc rhoncus,9/28/2021,10/23/2023,6,2
11,quis,7/18/2021,9/20/2023,1,1
12,eget eros,12/3/2021,12/25/2023,6,4
13,elit,10/12/2021,3/7/2024,5,1
14,urna,8/4/2021,12/10/2023,1,2
15,aenean sit,11/7/2021,12/29/2023,6,4
16,metus sapien,3/19/2022,2/14/2024,5,2
17,arcu adipiscing,6/2/2021,9/27/2023,3,5
18,praesent blandit,8/26/2021,11/22/2023,5,5
19,posuere,8/10/2021,10/15/2023,1,5
20,duis ac,1/11/2022,6/4/2023,1,4
21,et,10/24/2021,4/24/2024,4,3
22,mauris morbi,2/15/2022,9/29/2023,6,1
23,consequat,6/19/2021,7/19/2023,3,4
24,risus dapibus,9/18/2021,4/21/2024,3,2
25,eget,12/21/2021,8/25/2023,5,3
26,augue quam,7/12/2021,1/4/2024,5,4
27,integer,9/9/2021,3/21/2024,4,2
28,in,4/15/2022,9/25/2023,3,2
29,libero convallis,3/12/2022,5/9/2023,2,6
30,non mi,4/7/2022,1/9/2024,1,2
31,sem,5/19/2021,2/26/2024,2,6
32,luctus,2/26/2022,8/8/2023,4,1
33,et commodo,9/20/2021,11/6/2023,1,3
34,rhoncus aliquet,9/7/2021,11/27/2023,1,5
35,convallis duis,7/22/2021,8/18/2023,1,4
36,et eros,6/29/2021,11/7/2023,6,1
37,lectus,8/26/2021,6/3/2023,4,2
38,duis,10/21/2021,6/21/2023,3,5
39,adipiscing lorem,12/15/2021,12/3/2023,2,5
40,etiam,2/11/2022,9/5/2023,6,4
41,est,5/14/2021,7/13/2023,5,5
42,suspendisse,9/3/2021,8/20/2023,2,6
43,vel nulla,8/8/2021,4/22/2024,1,2
44,eu orci,12/28/2021,2/14/2024,3,4
45,in faucibus,9/23/2021,6/18/2023,1,2
46,consequat,10/23/2021,9/4/2023,3,2
47,id,8/13/2021,7/20/2023,2,4
48,mauris,9/29/2021,3/8/2024,1,6
49,amet nulla,12/18/2021,6/4/2023,4,3
50,sapien,2/7/2022,4/25/2024,5,3
